Daily commit on Thu Feb  6 17:14:05 UTC 2025
Daily commit on Fri Feb  7 13:01:50 UTC 2025
Daily commit on Sat Feb  8 12:57:12 UTC 2025
Daily commit on Sun Feb  9 12:56:29 UTC 2025
Daily commit on Mon Feb 10 13:03:27 UTC 2025
Daily commit on Tue Feb 11 13:03:35 UTC 2025
Daily commit on Wed Feb 12 13:03:24 UTC 2025
Daily commit on Thu Feb 13 13:03:45 UTC 2025
Daily commit on Fri Feb 14 13:02:07 UTC 2025
Daily commit on Sat Feb 15 12:57:08 UTC 2025
Daily commit on Sun Feb 16 12:59:37 UTC 2025
Daily commit on Mon Feb 17 13:05:02 UTC 2025
Daily commit on Tue Feb 18 13:02:23 UTC 2025
Daily commit on Wed Feb 19 13:02:42 UTC 2025
Daily commit on Thu Feb 20 13:04:25 UTC 2025
Daily commit on Fri Feb 21 12:35:20 UTC 2025
Daily commit on Sat Feb 22 12:31:24 UTC 2025
Daily commit on Sun Feb 23 12:32:25 UTC 2025
Daily commit on Mon Feb 24 12:36:45 UTC 2025
Daily commit on Tue Feb 25 12:36:28 UTC 2025
Daily commit on Wed Feb 26 12:36:26 UTC 2025
Daily commit on Thu Feb 27 12:36:24 UTC 2025
Daily commit on Fri Feb 28 12:35:42 UTC 2025
Daily commit on Sat Mar  1 12:33:10 UTC 2025
Daily commit on Sun Mar  2 12:32:20 UTC 2025
Daily commit on Mon Mar  3 12:36:49 UTC 2025
Daily commit on Tue Mar  4 12:36:40 UTC 2025
Daily commit on Wed Mar  5 12:36:51 UTC 2025
Daily commit on Thu Mar  6 12:37:13 UTC 2025
Daily commit on Fri Mar  7 12:35:49 UTC 2025
Daily commit on Sat Mar  8 12:26:50 UTC 2025
Daily commit on Sun Mar  9 12:26:43 UTC 2025
Daily commit on Mon Mar 10 12:37:54 UTC 2025
Daily commit on Tue Mar 11 12:37:28 UTC 2025
Daily commit on Wed Mar 12 12:37:03 UTC 2025
Daily commit on Thu Mar 13 12:37:33 UTC 2025
Daily commit on Fri Mar 14 12:35:46 UTC 2025
Daily commit on Sat Mar 15 12:33:20 UTC 2025
Daily commit on Sun Mar 16 12:33:25 UTC 2025
Daily commit on Mon Mar 17 12:38:26 UTC 2025
Daily commit on Tue Mar 18 12:37:51 UTC 2025
Daily commit on Wed Mar 19 12:37:29 UTC 2025
Daily commit on Thu Mar 20 12:36:33 UTC 2025
Daily commit on Fri Mar 21 12:36:37 UTC 2025
Daily commit on Sat Mar 22 12:33:44 UTC 2025
Daily commit on Sun Mar 23 12:34:12 UTC 2025
Daily commit on Mon Mar 24 12:38:50 UTC 2025
Daily commit on Tue Mar 25 12:37:52 UTC 2025
Daily commit on Wed Mar 26 12:38:01 UTC 2025
Daily commit on Thu Mar 27 12:38:23 UTC 2025
Daily commit on Fri Mar 28 12:37:05 UTC 2025
Daily commit on Sat Mar 29 12:34:27 UTC 2025
Daily commit on Sun Mar 30 12:34:35 UTC 2025
Daily commit on Mon Mar 31 12:38:48 UTC 2025
Daily commit on Tue Apr  1 12:39:43 UTC 2025
Daily commit on Wed Apr  2 12:39:00 UTC 2025
Daily commit on Thu Apr  3 12:38:42 UTC 2025
Daily commit on Fri Apr  4 12:37:55 UTC 2025
Daily commit on Sat Apr  5 12:34:16 UTC 2025
Daily commit on Sun Apr  6 12:34:27 UTC 2025
Daily commit on Mon Apr  7 12:39:39 UTC 2025
Daily commit on Tue Apr  8 12:39:04 UTC 2025
Daily commit on Wed Apr  9 12:39:06 UTC 2025
Daily commit on Thu Apr 10 12:39:26 UTC 2025
Daily commit on Fri Apr 11 12:38:21 UTC 2025
Daily commit on Sat Apr 12 12:34:24 UTC 2025
Daily commit on Sun Apr 13 12:34:58 UTC 2025
Daily commit on Mon Apr 14 12:39:18 UTC 2025
Daily commit on Tue Apr 15 12:39:06 UTC 2025
Daily commit on Wed Apr 16 12:39:09 UTC 2025
Daily commit on Thu Apr 17 12:38:39 UTC 2025
Daily commit on Fri Apr 18 12:37:01 UTC 2025
Daily commit on Sat Apr 19 12:34:35 UTC 2025
Daily commit on Sun Apr 20 12:34:50 UTC 2025
Daily commit on Mon Apr 21 12:37:58 UTC 2025
Daily commit on Tue Apr 22 12:38:58 UTC 2025
Daily commit on Wed Apr 23 12:39:44 UTC 2025
Daily commit on Thu Apr 24 12:40:12 UTC 2025
Daily commit on Fri Apr 25 12:39:05 UTC 2025
Daily commit on Sat Apr 26 12:35:03 UTC 2025
Daily commit on Sun Apr 27 12:35:14 UTC 2025
Daily commit on Mon Apr 28 12:43:49 UTC 2025
Daily commit on Tue Apr 29 12:41:39 UTC 2025
Daily commit on Wed Apr 30 12:38:54 UTC 2025
Daily commit on Thu May  1 12:38:28 UTC 2025
Daily commit on Fri May  2 12:38:36 UTC 2025
Daily commit on Sat May  3 12:35:47 UTC 2025
Daily commit on Sun May  4 12:36:28 UTC 2025
Daily commit on Mon May  5 12:39:48 UTC 2025
Daily commit on Tue May  6 12:41:40 UTC 2025
Daily commit on Wed May  7 12:41:55 UTC 2025
Daily commit on Thu May  8 12:40:08 UTC 2025
Daily commit on Fri May  9 12:39:13 UTC 2025
Daily commit on Sat May 10 12:35:47 UTC 2025
Daily commit on Sun May 11 12:35:57 UTC 2025
Daily commit on Mon May 12 12:41:41 UTC 2025
Daily commit on Tue May 13 12:41:52 UTC 2025
Daily commit on Wed May 14 12:40:28 UTC 2025
Daily commit on Thu May 15 12:40:40 UTC 2025
Daily commit on Fri May 16 12:40:32 UTC 2025
Daily commit on Sat May 17 12:36:23 UTC 2025
Daily commit on Sun May 18 12:36:55 UTC 2025
Daily commit on Mon May 19 12:42:10 UTC 2025
Daily commit on Tue May 20 12:42:08 UTC 2025
Daily commit on Wed May 21 12:41:18 UTC 2025
Daily commit on Thu May 22 12:41:27 UTC 2025
Daily commit on Fri May 23 12:39:46 UTC 2025
Daily commit on Sat May 24 12:36:27 UTC 2025
Daily commit on Sun May 25 12:37:05 UTC 2025
Daily commit on Mon May 26 12:39:48 UTC 2025
Daily commit on Tue May 27 12:42:00 UTC 2025
Daily commit on Wed May 28 12:41:40 UTC 2025
Daily commit on Thu May 29 12:40:42 UTC 2025
Daily commit on Fri May 30 12:40:47 UTC 2025
Daily commit on Sat May 31 12:37:05 UTC 2025
Daily commit on Sun Jun  1 12:38:09 UTC 2025
Daily commit on Mon Jun  2 12:41:47 UTC 2025
Daily commit on Tue Jun  3 12:42:12 UTC 2025
Daily commit on Wed Jun  4 12:42:15 UTC 2025
Daily commit on Thu Jun  5 12:42:00 UTC 2025
Daily commit on Fri Jun  6 12:40:48 UTC 2025
Daily commit on Sat Jun  7 12:37:30 UTC 2025
Daily commit on Sun Jun  8 12:37:29 UTC 2025
Daily commit on Mon Jun  9 12:41:44 UTC 2025
Daily commit on Tue Jun 10 12:42:32 UTC 2025
Daily commit on Wed Jun 11 12:42:27 UTC 2025
Daily commit on Thu Jun 12 12:41:28 UTC 2025
Daily commit on Fri Jun 13 12:41:18 UTC 2025
Daily commit on Sat Jun 14 12:37:46 UTC 2025
Daily commit on Sun Jun 15 12:38:00 UTC 2025
Daily commit on Mon Jun 16 12:43:23 UTC 2025
Daily commit on Tue Jun 17 12:42:38 UTC 2025
Daily commit on Wed Jun 18 12:42:30 UTC 2025
Daily commit on Thu Jun 19 12:42:04 UTC 2025
Daily commit on Fri Jun 20 12:41:53 UTC 2025
Daily commit on Sat Jun 21 12:38:00 UTC 2025
Daily commit on Sun Jun 22 12:37:55 UTC 2025
Daily commit on Mon Jun 23 12:43:48 UTC 2025
Daily commit on Tue Jun 24 12:42:33 UTC 2025
Daily commit on Wed Jun 25 12:43:10 UTC 2025
Daily commit on Thu Jun 26 12:42:32 UTC 2025
Daily commit on Fri Jun 27 12:41:28 UTC 2025
Daily commit on Sat Jun 28 12:38:15 UTC 2025
Daily commit on Sun Jun 29 12:38:55 UTC 2025
Daily commit on Mon Jun 30 12:42:30 UTC 2025
Daily commit on Tue Jul  1 12:42:39 UTC 2025
Daily commit on Wed Jul  2 12:42:12 UTC 2025
Daily commit on Thu Jul  3 12:41:10 UTC 2025
Daily commit on Fri Jul  4 12:41:24 UTC 2025
Daily commit on Sat Jul  5 12:38:32 UTC 2025
Daily commit on Sun Jul  6 12:38:58 UTC 2025
Daily commit on Mon Jul  7 12:42:43 UTC 2025
Daily commit on Tue Jul  8 12:43:02 UTC 2025
Daily commit on Wed Jul  9 12:43:00 UTC 2025
Daily commit on Thu Jul 10 12:44:02 UTC 2025
Daily commit on Fri Jul 11 12:41:56 UTC 2025
Daily commit on Sat Jul 12 12:39:29 UTC 2025
Daily commit on Sun Jul 13 12:39:40 UTC 2025
Daily commit on Mon Jul 14 12:45:00 UTC 2025
Daily commit on Tue Jul 15 12:45:40 UTC 2025
Daily commit on Wed Jul 16 12:46:31 UTC 2025
Daily commit on Thu Jul 17 12:44:59 UTC 2025
Daily commit on Fri Jul 18 12:46:20 UTC 2025
Daily commit on Sat Jul 19 12:40:31 UTC 2025
Daily commit on Sun Jul 20 12:41:01 UTC 2025
Daily commit on Mon Jul 21 12:47:17 UTC 2025
Daily commit on Tue Jul 22 12:46:16 UTC 2025
Daily commit on Wed Jul 23 12:47:10 UTC 2025
Daily commit on Thu Jul 24 12:46:56 UTC 2025
Daily commit on Fri Jul 25 12:44:56 UTC 2025
Daily commit on Sat Jul 26 12:40:56 UTC 2025
Daily commit on Sun Jul 27 12:42:01 UTC 2025
Daily commit on Mon Jul 28 12:48:38 UTC 2025
Daily commit on Tue Jul 29 12:48:52 UTC 2025
Daily commit on Wed Jul 30 12:48:37 UTC 2025
Daily commit on Thu Jul 31 12:46:38 UTC 2025
Daily commit on Fri Aug  1 12:46:58 UTC 2025
Daily commit on Sat Aug  2 12:41:27 UTC 2025
Daily commit on Sun Aug  3 12:44:07 UTC 2025
Daily commit on Mon Aug  4 12:49:33 UTC 2025
Daily commit on Tue Aug  5 12:49:50 UTC 2025
Daily commit on Wed Aug  6 12:49:35 UTC 2025
Daily commit on Thu Aug  7 12:49:04 UTC 2025
Daily commit on Fri Aug  8 12:47:33 UTC 2025
Daily commit on Sat Aug  9 12:40:49 UTC 2025
Daily commit on Sun Aug 10 12:41:10 UTC 2025
Daily commit on Mon Aug 11 12:47:06 UTC 2025
Daily commit on Tue Aug 12 12:43:20 UTC 2025
Daily commit on Wed Aug 13 12:44:29 UTC 2025
Daily commit on Thu Aug 14 12:45:20 UTC 2025
Daily commit on Fri Aug 15 12:41:18 UTC 2025
Daily commit on Sat Aug 16 12:39:30 UTC 2025
Daily commit on Sun Aug 17 12:40:08 UTC 2025
Daily commit on Mon Aug 18 12:46:02 UTC 2025
Daily commit on Tue Aug 19 12:41:35 UTC 2025
Daily commit on Wed Aug 20 12:41:29 UTC 2025
Daily commit on Thu Aug 21 12:41:12 UTC 2025
Daily commit on Fri Aug 22 12:40:15 UTC 2025
Daily commit on Sat Aug 23 12:37:14 UTC 2025
Daily commit on Sun Aug 24 12:37:55 UTC 2025
Daily commit on Mon Aug 25 12:42:10 UTC 2025
Daily commit on Tue Aug 26 12:43:49 UTC 2025
Daily commit on Wed Aug 27 12:40:21 UTC 2025
Daily commit on Thu Aug 28 12:40:04 UTC 2025
Daily commit on Fri Aug 29 12:39:45 UTC 2025
Daily commit on Sat Aug 30 12:35:55 UTC 2025
Daily commit on Sun Aug 31 12:36:39 UTC 2025
Daily commit on Mon Sep  1 12:41:32 UTC 2025
Daily commit on Tue Sep  2 12:41:17 UTC 2025
Daily commit on Wed Sep  3 12:39:21 UTC 2025
Daily commit on Thu Sep  4 12:37:30 UTC 2025
Daily commit on Fri Sep  5 12:38:48 UTC 2025
Daily commit on Sat Sep  6 12:34:38 UTC 2025
Daily commit on Sun Sep  7 12:35:17 UTC 2025
Daily commit on Mon Sep  8 12:41:44 UTC 2025
Daily commit on Tue Sep  9 12:42:10 UTC 2025
Daily commit on Wed Sep 10 12:39:30 UTC 2025
Daily commit on Thu Sep 11 12:38:34 UTC 2025
Daily commit on Fri Sep 12 12:38:04 UTC 2025
Daily commit on Sat Sep 13 12:35:04 UTC 2025
Daily commit on Sun Sep 14 12:34:32 UTC 2025
Daily commit on Mon Sep 15 12:40:26 UTC 2025
Daily commit on Tue Sep 16 12:40:13 UTC 2025
Daily commit on Wed Sep 17 12:40:11 UTC 2025
Daily commit on Thu Sep 18 12:39:31 UTC 2025
Daily commit on Fri Sep 19 12:40:10 UTC 2025
Daily commit on Sat Sep 20 12:36:29 UTC 2025
Daily commit on Sun Sep 21 12:35:57 UTC 2025
Daily commit on Mon Sep 22 12:40:59 UTC 2025
Daily commit on Tue Sep 23 12:39:39 UTC 2025
Daily commit on Wed Sep 24 12:40:11 UTC 2025
Daily commit on Thu Sep 25 12:41:41 UTC 2025
Daily commit on Fri Sep 26 12:40:47 UTC 2025
Daily commit on Sat Sep 27 12:35:29 UTC 2025
Daily commit on Sun Sep 28 12:36:07 UTC 2025
Daily commit on Mon Sep 29 12:42:17 UTC 2025
Daily commit on Tue Sep 30 12:42:29 UTC 2025
Daily commit on Wed Oct  1 12:42:12 UTC 2025
Daily commit on Thu Oct  2 12:38:54 UTC 2025
Daily commit on Fri Oct  3 12:38:58 UTC 2025
Daily commit on Sat Oct  4 12:35:17 UTC 2025
Daily commit on Sun Oct  5 12:35:55 UTC 2025
Daily commit on Mon Oct  6 12:41:52 UTC 2025
Daily commit on Tue Oct  7 12:41:09 UTC 2025
Daily commit on Wed Oct  8 12:41:27 UTC 2025
Daily commit on Thu Oct  9 12:41:19 UTC 2025
Daily commit on Fri Oct 10 12:40:23 UTC 2025
Daily commit on Sat Oct 11 12:35:45 UTC 2025
Daily commit on Sun Oct 12 12:36:10 UTC 2025
Daily commit on Mon Oct 13 12:41:23 UTC 2025
Daily commit on Tue Oct 14 12:43:18 UTC 2025
Daily commit on Wed Oct 15 12:42:53 UTC 2025
Daily commit on Thu Oct 16 12:42:35 UTC 2025
Daily commit on Fri Oct 17 12:41:11 UTC 2025
Daily commit on Sat Oct 18 12:36:51 UTC 2025
Daily commit on Sun Oct 19 12:36:45 UTC 2025
Daily commit on Mon Oct 20 12:42:02 UTC 2025
Daily commit on Tue Oct 21 12:43:00 UTC 2025
Daily commit on Wed Oct 22 12:43:15 UTC 2025
Daily commit on Thu Oct 23 12:43:31 UTC 2025
Daily commit on Fri Oct 24 12:43:02 UTC 2025
Daily commit on Sat Oct 25 12:36:42 UTC 2025
Daily commit on Sun Oct 26 12:37:31 UTC 2025
Daily commit on Mon Oct 27 12:43:36 UTC 2025
Daily commit on Tue Oct 28 12:41:46 UTC 2025
Daily commit on Wed Oct 29 12:44:03 UTC 2025
Daily commit on Thu Oct 30 12:42:08 UTC 2025
Daily commit on Fri Oct 31 12:41:48 UTC 2025
Daily commit on Sat Nov  1 12:37:22 UTC 2025
Daily commit on Sun Nov  2 12:36:51 UTC 2025
Daily commit on Mon Nov  3 12:43:19 UTC 2025
Daily commit on Tue Nov  4 12:45:58 UTC 2025
Daily commit on Wed Nov  5 12:42:55 UTC 2025
Daily commit on Thu Nov  6 12:42:29 UTC 2025
Daily commit on Fri Nov  7 12:41:10 UTC 2025
Daily commit on Sat Nov  8 12:37:00 UTC 2025
Daily commit on Sun Nov  9 12:37:30 UTC 2025
Daily commit on Mon Nov 10 12:43:19 UTC 2025
Daily commit on Tue Nov 11 12:42:33 UTC 2025
Daily commit on Wed Nov 12 12:43:45 UTC 2025
Daily commit on Thu Nov 13 12:45:13 UTC 2025
Daily commit on Fri Nov 14 12:42:03 UTC 2025
Daily commit on Sat Nov 15 12:37:55 UTC 2025
Daily commit on Sun Nov 16 12:37:40 UTC 2025
Daily commit on Mon Nov 17 12:43:22 UTC 2025
Daily commit on Tue Nov 18 12:43:30 UTC 2025
Daily commit on Wed Nov 19 12:43:55 UTC 2025
Daily commit on Thu Nov 20 12:42:18 UTC 2025
Daily commit on Fri Nov 21 12:41:16 UTC 2025
Daily commit on Sat Nov 22 12:37:12 UTC 2025
Daily commit on Sun Nov 23 12:36:40 UTC 2025
Daily commit on Mon Nov 24 12:44:39 UTC 2025
Daily commit on Tue Nov 25 12:44:38 UTC 2025
Daily commit on Wed Nov 26 12:46:06 UTC 2025
Daily commit on Thu Nov 27 12:44:33 UTC 2025
Daily commit on Fri Nov 28 12:42:26 UTC 2025
Daily commit on Sat Nov 29 12:39:48 UTC 2025
Daily commit on Sun Nov 30 12:39:15 UTC 2025
Daily commit on Mon Dec  1 12:46:23 UTC 2025
Daily commit on Tue Dec  2 12:47:05 UTC 2025
Daily commit on Wed Dec  3 12:47:52 UTC 2025
Daily commit on Thu Dec  4 12:47:46 UTC 2025
Daily commit on Fri Dec  5 12:44:34 UTC 2025
Daily commit on Sat Dec  6 12:39:57 UTC 2025
Daily commit on Sun Dec  7 12:38:53 UTC 2025
Daily commit on Mon Dec  8 12:45:50 UTC 2025
Daily commit on Tue Dec  9 12:47:48 UTC 2025
Daily commit on Wed Dec 10 12:48:26 UTC 2025
Daily commit on Thu Dec 11 12:49:40 UTC 2025
Daily commit on Fri Dec 12 12:46:50 UTC 2025
Daily commit on Sat Dec 13 12:40:25 UTC 2025
Daily commit on Sun Dec 14 12:40:39 UTC 2025
Daily commit on Mon Dec 15 12:50:24 UTC 2025
Daily commit on Tue Dec 16 12:48:48 UTC 2025
Daily commit on Wed Dec 17 12:48:42 UTC 2025
Daily commit on Thu Dec 18 12:46:21 UTC 2025
Daily commit on Fri Dec 19 12:44:02 UTC 2025
Daily commit on Sat Dec 20 12:40:42 UTC 2025
Daily commit on Sun Dec 21 12:41:02 UTC 2025
Daily commit on Mon Dec 22 12:46:20 UTC 2025
Daily commit on Tue Dec 23 12:47:27 UTC 2025
Daily commit on Wed Dec 24 12:45:46 UTC 2025
Daily commit on Thu Dec 25 12:44:20 UTC 2025
Daily commit on Fri Dec 26 12:44:30 UTC 2025
Daily commit on Sat Dec 27 12:41:53 UTC 2025
Daily commit on Sun Dec 28 12:42:27 UTC 2025
Daily commit on Mon Dec 29 12:48:50 UTC 2025
Daily commit on Tue Dec 30 12:47:40 UTC 2025
Daily commit on Wed Dec 31 12:46:00 UTC 2025
Daily commit on Thu Jan  1 12:45:44 UTC 2026
Daily commit on Fri Jan  2 12:43:57 UTC 2026
Daily commit on Sat Jan  3 12:42:04 UTC 2026
Daily commit on Sun Jan  4 12:42:36 UTC 2026
Daily commit on Mon Jan  5 12:50:47 UTC 2026
Daily commit on Tue Jan  6 12:48:30 UTC 2026
Daily commit on Wed Jan  7 12:49:43 UTC 2026
Daily commit on Thu Jan  8 12:49:50 UTC 2026
Daily commit on Fri Jan  9 12:49:09 UTC 2026
Daily commit on Sat Jan 10 12:42:13 UTC 2026
Daily commit on Sun Jan 11 12:43:30 UTC 2026
Daily commit on Mon Jan 12 12:51:18 UTC 2026
Daily commit on Tue Jan 13 12:51:03 UTC 2026
Daily commit on Wed Jan 14 12:50:55 UTC 2026
Daily commit on Thu Jan 15 12:49:49 UTC 2026
Daily commit on Fri Jan 16 12:48:57 UTC 2026
Daily commit on Sat Jan 17 12:42:00 UTC 2026
Daily commit on Sun Jan 18 12:42:18 UTC 2026
Daily commit on Mon Jan 19 12:53:14 UTC 2026
Daily commit on Tue Jan 20 12:53:30 UTC 2026
Daily commit on Wed Jan 21 12:53:44 UTC 2026
Daily commit on Thu Jan 22 12:53:29 UTC 2026
Daily commit on Fri Jan 23 12:51:06 UTC 2026
Daily commit on Sat Jan 24 12:43:23 UTC 2026
Daily commit on Sun Jan 25 12:45:41 UTC 2026
Daily commit on Mon Jan 26 12:52:19 UTC 2026
Daily commit on Tue Jan 27 12:54:14 UTC 2026
Daily commit on Wed Jan 28 12:53:59 UTC 2026
Daily commit on Thu Jan 29 13:00:39 UTC 2026
Daily commit on Fri Jan 30 12:58:51 UTC 2026
Daily commit on Sat Jan 31 12:51:24 UTC 2026
Daily commit on Sun Feb  1 12:53:10 UTC 2026
Daily commit on Mon Feb  2 13:03:04 UTC 2026
Daily commit on Tue Feb  3 13:04:05 UTC 2026
Daily commit on Wed Feb  4 13:02:38 UTC 2026
Daily commit on Thu Feb  5 13:05:30 UTC 2026
Daily commit on Fri Feb  6 13:02:47 UTC 2026
Daily commit on Sat Feb  7 12:52:26 UTC 2026
Daily commit on Sun Feb  8 12:53:41 UTC 2026
Daily commit on Mon Feb  9 13:12:18 UTC 2026
Daily commit on Tue Feb 10 13:17:05 UTC 2026
Daily commit on Wed Feb 11 13:14:03 UTC 2026
Daily commit on Thu Feb 12 13:11:36 UTC 2026
Daily commit on Fri Feb 13 13:03:22 UTC 2026
Daily commit on Sat Feb 14 12:52:20 UTC 2026
Daily commit on Sun Feb 15 12:54:05 UTC 2026
Daily commit on Mon Feb 16 13:06:58 UTC 2026
Daily commit on Tue Feb 17 13:06:45 UTC 2026
Daily commit on Wed Feb 18 13:07:46 UTC 2026
Daily commit on Thu Feb 19 13:09:12 UTC 2026
Daily commit on Fri Feb 20 13:01:53 UTC 2026
Daily commit on Sat Feb 21 12:51:18 UTC 2026
Daily commit on Sun Feb 22 12:53:01 UTC 2026
Daily commit on Mon Feb 23 13:08:18 UTC 2026
Daily commit on Tue Feb 24 13:09:36 UTC 2026
Daily commit on Wed Feb 25 13:08:20 UTC 2026
